pair_id,seed,full_run,no_call_run,full_success,no_call_success,full_duration_s,no_call_duration_s,full_path_length_m,no_call_path_length_m,full_rescued,no_call_rescued,full_collisions,no_call_collisions,both_success
1,27001,20261007_135559_full,20261007_135958_no_call,1,1,201.481,214.953,154.562,184.786,4,4,0,0,1
2,27002,20261007_140836_full,20261007_140403_no_call,1,1,258.455,242.625,204.272,185.259,4,4,0,0,1
3,27003,20261007_141329_full,20261007_141903_no_call,1,1,300.482,284.507,170.219,157.29,4,4,0,0,1
4,27004,20261007_142855_full,20261007_142418_no_call,1,1,241.148,236.926,190.978,166.22,4,4,0,0,1
5,27005,20261007_143330_full,20261007_143755_no_call,1,1,228.494,277.013,174.595,191.422,4,4,0,0,1
6,27006,20261007_144752_full,20261007_144308_no_call,1,1,200.393,251.408,162.256,195.377,4,4,0,0,1
7,27007,20261007_145146_full,20261007_145712_no_call,1,1,291.026,245.204,216.496,197.579,4,4,0,0,1
8,27008,20261007_150710_full,20261007_150147_no_call,1,1,198.527,288.346,155.307,207.188,4,4,0,0,1
9,27009,20261007_151103_full,20261007_151515_no_call,1,1,225.973,268.531,184.464,178.445,4,4,0,0,1
10,27010,20261007_152452_full,20261007_152019_no_call,1,1,208.156,241.565,163.79,198.992,4,4,0,0,1
11,27011,20261007_152857_full,20261007_153250_no_call,1,1,205.186,231.418,156.384,184.344,4,4,0,0,1
12,27012,20261007_154137_full,20261007_153713_no_call,1,1,214.425,227.585,160.561,184.875,4,4,0,0,1
13,27013,20261007_154540_full,20261007_155025_no_call,1,1,254.224,255.127,197.271,209.135,4,4,0,0,1
14,27014,20261007_155943_full,20261007_155508_no_call,1,1,191.227,238.454,155.042,189.571,4,4,0,0,1
15,27015,20261007_160326_full,20261007_160741_no_call,1,1,217.04,223.475,164.922,184.249,4,4,0,0,1
16,27016,20261007_161631_full,20261007_161156_no_call,0,1,600.734,238.628,26.066,166.327,1,4,0,0,0
17,27017,20261007_162701_full,20261007_163046_no_call,1,0,192.963,600.288,155.131,39.546,4,0,0,0,0
18,27018,20261007_164522_full,20261007_164117_no_call,1,1,217.027,209.489,162.925,155.458,4,4,0,0,1
19,27019,20261007_164925_full,20261007_165330_no_call,1,1,212.487,248.54,164.99,161.964,4,4,0,0,1
20,27020,20261007_170228_full,20261007_165815_no_call,1,1,186.454,225.193,155.236,188.334,4,4,0,0,1
21,27021,20261007_170600_full,20261007_171156_no_call,1,0,321.959,600.659,166.08,112.305,4,2,0,0,0
22,27022,20261007_173300_full,20261007_172227_no_call,1,0,209.419,600.524,162.139,154.082,4,2,0,1,0
23,27023,20261007_173705_full,20261007_174118_no_call,1,1,217.207,223.455,167.211,192.732,4,4,0,0,1
24,27024,20261007_174923_full,20261007_174531_no_call,1,1,203.974,199.15,160.723,158.183,4,4,0,0,1
25,27025,20261007_175318_full,20261007_175723_no_call,1,1,202.429,246.033,162.185,187.375,4,4,0,0,1
26,27026,20261007_180641_full,20261007_180156_no_call,1,1,266.033,246.685,198.76,187.157,4,4,0,0,1
27,27027,20261007_181134_full,20261007_181523_no_call,1,1,192.824,231.938,156.218,191.528,4,4,0,0,1
28,27028,20261007_182422_full,20261007_181947_no_call,1,1,189.979,243.581,154.247,197.187,4,4,0,0,1
29,27029,20261007_182807_full,20261007_183250_no_call,1,0,252.771,600.456,196.605,506.563,4,1,0,0,0
30,27030,20261007_190125_full,20261007_184335_no_call,1,1,191.396,243.664,153.963,170.117,4,4,0,0,1
31,27031,20261007_190516_full,20261007_190901_no_call,1,1,191.504,250.487,156.308,197.315,4,4,0,0,1
32,27032,20261007_191851_full,20261007_191348_no_call,1,1,271.579,267.435,184.991,177.875,4,4,0,0,1
33,27033,20261007_192354_full,20261007_192817_no_call,1,1,231.941,282.068,155.309,169.166,4,4,0,0,1
34,27034,20261007_194415_full,20261007_193332_no_call,1,0,221.377,600.138,162.888,9.078,4,0,0,0,0
35,27035,20261007_195430_full,20261007_195953_no_call,1,1,295.567,246.777,211.163,196.107,4,4,0,0,1
36,27036,20261007_201520_full,20261007_200438_no_call,1,0,288.634,600.686,199.203,8.388,4,0,0,0,0
37,27037,20261007_202044_full,20261007_202456_no_call,1,1,214.406,243.408,163.132,194.871,4,4,0,0,1
38,27038,20261007_203447_full,20261007_202932_no_call,1,1,187.999,283.417,153.259,227.679,4,4,0,0,1
39,27039,20261007_203830_full,20261007_204333_no_call,1,1,267.438,246.47,164.802,198.032,4,4,0,0,1
40,27040,20261007_205251_full,20261007_204816_no_call,1,1,199.994,245.61,157.228,208.584,4,4,0,0,1
41,27041,20261007_205646_full,20261007_210041_no_call,1,1,198.661,230.364,154.343,176.375,4,4,0,0,1
42,27042,20261007_210928_full,20261007_210506_no_call,1,1,192.045,233.387,155.034,191.209,4,4,0,0,1
43,27043,20261007_211311_full,20261007_211656_no_call,1,1,196.327,217.144,154.736,166.835,4,4,0,0,1
44,27044,20261007_212603_full,20261007_212110_no_call,1,1,198.161,259.095,156.435,206.953,4,4,0,0,1
45,27045,20261007_212956_full,20261007_213411_no_call,1,1,219.445,230.896,178.861,174.09,4,4,0,0,1
46,27046,20261007_214403_full,20261007_213836_no_call,1,1,254.139,294.4,194.677,179.698,4,4,0,0,1
47,27047,20261007_214846_full,20261007_215337_no_call,1,1,250.302,205.981,166.849,157.399,4,4,0,0,1
48,27048,20261007_220616_full,20261007_215742_no_call,1,1,215.803,483.887,157.246,171.114,4,4,0,0,1
49,27049,20261007_221019_full,20261007_221412_no_call,1,1,202.86,205.612,156.687,165.736,4,4,0,0,1
50,27050,20261007_222239_full,20261007_221817_no_call,1,1,209.494,229.521,162.321,166.982,4,4,0,0,1
