pair_id,seed,variant,run,success,duration_s,path_length_m,rescued,collisions,source_csv,original_pair34
1,27001,full,20261007_135559_full,1,201.481,154.562,4,0,runs/20261007_135559_full/recordings/trials.csv,0
1,27001,no_call,20261007_135958_no_call,1,214.953,184.786,4,0,runs/20261007_135958_no_call/recordings/trials.csv,0
2,27002,no_call,20261007_140403_no_call,1,242.625,185.259,4,0,runs/20261007_140403_no_call/recordings/trials.csv,0
2,27002,full,20261007_140836_full,1,258.455,204.272,4,0,runs/20261007_140836_full/recordings/trials.csv,0
3,27003,full,20261007_141329_full,1,300.482,170.219,4,0,runs/20261007_141329_full/recordings/trials.csv,0
3,27003,no_call,20261007_141903_no_call,1,284.507,157.29,4,0,runs/20261007_141903_no_call/recordings/trials.csv,0
4,27004,no_call,20261007_142418_no_call,1,236.926,166.22,4,0,runs/20261007_142418_no_call/recordings/trials.csv,0
4,27004,full,20261007_142855_full,1,241.148,190.978,4,0,runs/20261007_142855_full/recordings/trials.csv,0
5,27005,full,20261007_143330_full,1,228.494,174.595,4,0,runs/20261007_143330_full/recordings/trials.csv,0
5,27005,no_call,20261007_143755_no_call,1,277.013,191.422,4,0,runs/20261007_143755_no_call/recordings/trials.csv,0
6,27006,no_call,20261007_144308_no_call,1,251.408,195.377,4,0,runs/20261007_144308_no_call/recordings/trials.csv,0
6,27006,full,20261007_144752_full,1,200.393,162.256,4,0,runs/20261007_144752_full/recordings/trials.csv,0
7,27007,full,20261007_145146_full,1,291.026,216.496,4,0,runs/20261007_145146_full/recordings/trials.csv,0
7,27007,no_call,20261007_145712_no_call,1,245.204,197.579,4,0,runs/20261007_145712_no_call/recordings/trials.csv,0
8,27008,no_call,20261007_150147_no_call,1,288.346,207.188,4,0,runs/20261007_150147_no_call/recordings/trials.csv,0
8,27008,full,20261007_150710_full,1,198.527,155.307,4,0,runs/20261007_150710_full/recordings/trials.csv,0
9,27009,full,20261007_151103_full,1,225.973,184.464,4,0,runs/20261007_151103_full/recordings/trials.csv,0
9,27009,no_call,20261007_151515_no_call,1,268.531,178.445,4,0,runs/20261007_151515_no_call/recordings/trials.csv,0
10,27010,no_call,20261007_152019_no_call,1,241.565,198.992,4,0,runs/20261007_152019_no_call/recordings/trials.csv,0
10,27010,full,20261007_152452_full,1,208.156,163.79,4,0,runs/20261007_152452_full/recordings/trials.csv,0
11,27011,full,20261007_152857_full,1,205.186,156.384,4,0,runs/20261007_152857_full/recordings/trials.csv,0
11,27011,no_call,20261007_153250_no_call,1,231.418,184.344,4,0,runs/20261007_153250_no_call/recordings/trials.csv,0
12,27012,no_call,20261007_153713_no_call,1,227.585,184.875,4,0,runs/20261007_153713_no_call/recordings/trials.csv,0
12,27012,full,20261007_154137_full,1,214.425,160.561,4,0,runs/20261007_154137_full/recordings/trials.csv,0
13,27013,full,20261007_154540_full,1,254.224,197.271,4,0,runs/20261007_154540_full/recordings/trials.csv,0
13,27013,no_call,20261007_155025_no_call,1,255.127,209.135,4,0,runs/20261007_155025_no_call/recordings/trials.csv,0
14,27014,no_call,20261007_155508_no_call,1,238.454,189.571,4,0,runs/20261007_155508_no_call/recordings/trials.csv,0
14,27014,full,20261007_155943_full,1,191.227,155.042,4,0,runs/20261007_155943_full/recordings/trials.csv,0
15,27015,full,20261007_160326_full,1,217.04,164.922,4,0,runs/20261007_160326_full/recordings/trials.csv,0
15,27015,no_call,20261007_160741_no_call,1,223.475,184.249,4,0,runs/20261007_160741_no_call/recordings/trials.csv,0
16,27016,no_call,20261007_161156_no_call,1,238.628,166.327,4,0,runs/20261007_161156_no_call/recordings/trials.csv,0
16,27016,full,20261007_161631_full,0,600.734,26.066,1,0,runs/20261007_161631_full/recordings/trials.csv,0
17,27017,full,20261007_162701_full,1,192.963,155.131,4,0,runs/20261007_162701_full/recordings/trials.csv,0
17,27017,no_call,20261007_163046_no_call,0,600.288,39.546,0,0,runs/20261007_163046_no_call/recordings/trials.csv,0
18,27018,no_call,20261007_164117_no_call,1,209.489,155.458,4,0,runs/20261007_164117_no_call/recordings/trials.csv,0
18,27018,full,20261007_164522_full,1,217.027,162.925,4,0,runs/20261007_164522_full/recordings/trials.csv,0
19,27019,full,20261007_164925_full,1,212.487,164.99,4,0,runs/20261007_164925_full/recordings/trials.csv,0
19,27019,no_call,20261007_165330_no_call,1,248.54,161.964,4,0,runs/20261007_165330_no_call/recordings/trials.csv,0
20,27020,no_call,20261007_165815_no_call,1,225.193,188.334,4,0,runs/20261007_165815_no_call/recordings/trials.csv,0
20,27020,full,20261007_170228_full,1,186.454,155.236,4,0,runs/20261007_170228_full/recordings/trials.csv,0
21,27021,full,20261007_170600_full,1,321.959,166.08,4,0,runs/20261007_170600_full/recordings/trials.csv,0
21,27021,no_call,20261007_171156_no_call,0,600.659,112.305,2,0,runs/20261007_171156_no_call/recordings/trials.csv,0
22,27022,no_call,20261007_172227_no_call,0,600.524,154.082,2,1,runs/20261007_172227_no_call/recordings/trials.csv,0
22,27022,full,20261007_173300_full,1,209.419,162.139,4,0,runs/20261007_173300_full/recordings/trials.csv,0
23,27023,full,20261007_173705_full,1,217.207,167.211,4,0,runs/20261007_173705_full/recordings/trials.csv,0
23,27023,no_call,20261007_174118_no_call,1,223.455,192.732,4,0,runs/20261007_174118_no_call/recordings/trials.csv,0
24,27024,no_call,20261007_174531_no_call,1,199.15,158.183,4,0,runs/20261007_174531_no_call/recordings/trials.csv,0
24,27024,full,20261007_174923_full,1,203.974,160.723,4,0,runs/20261007_174923_full/recordings/trials.csv,0
25,27025,full,20261007_175318_full,1,202.429,162.185,4,0,runs/20261007_175318_full/recordings/trials.csv,0
25,27025,no_call,20261007_175723_no_call,1,246.033,187.375,4,0,runs/20261007_175723_no_call/recordings/trials.csv,0
26,27026,no_call,20261007_180156_no_call,1,246.685,187.157,4,0,runs/20261007_180156_no_call/recordings/trials.csv,0
26,27026,full,20261007_180641_full,1,266.033,198.76,4,0,runs/20261007_180641_full/recordings/trials.csv,0
27,27027,full,20261007_181134_full,1,192.824,156.218,4,0,runs/20261007_181134_full/recordings/trials.csv,0
27,27027,no_call,20261007_181523_no_call,1,231.938,191.528,4,0,runs/20261007_181523_no_call/recordings/trials.csv,0
28,27028,no_call,20261007_181947_no_call,1,243.581,197.187,4,0,runs/20261007_181947_no_call/recordings/trials.csv,0
28,27028,full,20261007_182422_full,1,189.979,154.247,4,0,runs/20261007_182422_full/recordings/trials.csv,0
29,27029,full,20261007_182807_full,1,252.771,196.605,4,0,runs/20261007_182807_full/recordings/trials.csv,0
29,27029,no_call,20261007_183250_no_call,0,600.456,506.563,1,0,runs/20261007_183250_no_call/recordings/trials.csv,0
30,27030,no_call,20261007_184335_no_call,1,243.664,170.117,4,0,runs/20261007_184335_no_call/recordings/trials.csv,0
30,27030,full,20261007_190125_full,1,191.396,153.963,4,0,runs/20261007_190125_full/recordings/trials.csv,0
31,27031,full,20261007_190516_full,1,191.504,156.308,4,0,runs/20261007_190516_full/recordings/trials.csv,0
31,27031,no_call,20261007_190901_no_call,1,250.487,197.315,4,0,runs/20261007_190901_no_call/recordings/trials.csv,0
32,27032,no_call,20261007_191348_no_call,1,267.435,177.875,4,0,runs/20261007_191348_no_call/recordings/trials.csv,0
32,27032,full,20261007_191851_full,1,271.579,184.991,4,0,runs/20261007_191851_full/recordings/trials.csv,0
33,27033,full,20261007_192354_full,1,231.941,155.309,4,0,runs/20261007_192354_full/recordings/trials.csv,0
33,27033,no_call,20261007_192817_no_call,1,282.068,169.166,4,0,runs/20261007_192817_no_call/recordings/trials.csv,0
34,27034,full,20261007_194415_full,1,221.377,162.888,4,0,runs/20261007_194415_full/recordings/trials.csv,0
34,27034,no_call,20261007_193332_no_call,0,600.138,9.078,0,0,formal_batches/20261007_135525/excluded_user_requested/20261007_193332_no_call/recordings/trials.csv,1
35,27035,full,20261007_195430_full,1,295.567,211.163,4,0,runs/20261007_195430_full/recordings/trials.csv,0
35,27035,no_call,20261007_195953_no_call,1,246.777,196.107,4,0,runs/20261007_195953_no_call/recordings/trials.csv,0
36,27036,no_call,20261007_200438_no_call,0,600.686,8.388,0,0,runs/20261007_200438_no_call/recordings/trials.csv,0
36,27036,full,20261007_201520_full,1,288.634,199.203,4,0,runs/20261007_201520_full/recordings/trials.csv,0
37,27037,full,20261007_202044_full,1,214.406,163.132,4,0,runs/20261007_202044_full/recordings/trials.csv,0
37,27037,no_call,20261007_202456_no_call,1,243.408,194.871,4,0,runs/20261007_202456_no_call/recordings/trials.csv,0
38,27038,no_call,20261007_202932_no_call,1,283.417,227.679,4,0,runs/20261007_202932_no_call/recordings/trials.csv,0
38,27038,full,20261007_203447_full,1,187.999,153.259,4,0,runs/20261007_203447_full/recordings/trials.csv,0
39,27039,full,20261007_203830_full,1,267.438,164.802,4,0,runs/20261007_203830_full/recordings/trials.csv,0
39,27039,no_call,20261007_204333_no_call,1,246.47,198.032,4,0,runs/20261007_204333_no_call/recordings/trials.csv,0
40,27040,no_call,20261007_204816_no_call,1,245.61,208.584,4,0,runs/20261007_204816_no_call/recordings/trials.csv,0
40,27040,full,20261007_205251_full,1,199.994,157.228,4,0,runs/20261007_205251_full/recordings/trials.csv,0
41,27041,full,20261007_205646_full,1,198.661,154.343,4,0,runs/20261007_205646_full/recordings/trials.csv,0
41,27041,no_call,20261007_210041_no_call,1,230.364,176.375,4,0,runs/20261007_210041_no_call/recordings/trials.csv,0
42,27042,no_call,20261007_210506_no_call,1,233.387,191.209,4,0,runs/20261007_210506_no_call/recordings/trials.csv,0
42,27042,full,20261007_210928_full,1,192.045,155.034,4,0,runs/20261007_210928_full/recordings/trials.csv,0
43,27043,full,20261007_211311_full,1,196.327,154.736,4,0,runs/20261007_211311_full/recordings/trials.csv,0
43,27043,no_call,20261007_211656_no_call,1,217.144,166.835,4,0,runs/20261007_211656_no_call/recordings/trials.csv,0
44,27044,no_call,20261007_212110_no_call,1,259.095,206.953,4,0,runs/20261007_212110_no_call/recordings/trials.csv,0
44,27044,full,20261007_212603_full,1,198.161,156.435,4,0,runs/20261007_212603_full/recordings/trials.csv,0
45,27045,full,20261007_212956_full,1,219.445,178.861,4,0,runs/20261007_212956_full/recordings/trials.csv,0
45,27045,no_call,20261007_213411_no_call,1,230.896,174.09,4,0,runs/20261007_213411_no_call/recordings/trials.csv,0
46,27046,no_call,20261007_213836_no_call,1,294.4,179.698,4,0,runs/20261007_213836_no_call/recordings/trials.csv,0
46,27046,full,20261007_214403_full,1,254.139,194.677,4,0,runs/20261007_214403_full/recordings/trials.csv,0
47,27047,full,20261007_214846_full,1,250.302,166.849,4,0,runs/20261007_214846_full/recordings/trials.csv,0
47,27047,no_call,20261007_215337_no_call,1,205.981,157.399,4,0,runs/20261007_215337_no_call/recordings/trials.csv,0
48,27048,no_call,20261007_215742_no_call,1,483.887,171.114,4,0,runs/20261007_215742_no_call/recordings/trials.csv,0
48,27048,full,20261007_220616_full,1,215.803,157.246,4,0,runs/20261007_220616_full/recordings/trials.csv,0
49,27049,full,20261007_221019_full,1,202.86,156.687,4,0,runs/20261007_221019_full/recordings/trials.csv,0
49,27049,no_call,20261007_221412_no_call,1,205.612,165.736,4,0,runs/20261007_221412_no_call/recordings/trials.csv,0
50,27050,no_call,20261007_221817_no_call,1,229.521,166.982,4,0,runs/20261007_221817_no_call/recordings/trials.csv,0
50,27050,full,20261007_222239_full,1,209.494,162.321,4,0,runs/20261007_222239_full/recordings/trials.csv,0
