"scenario","attempt","yaw","status","elapsed_s"
"WallEndShort10","1","0","RESCUE_COMPLETE","471.469"
"WallEndShort10","2","5","RESCUE_COMPLETE","92.669"
"WallEndShort10","3","-5","RESCUE_COMPLETE","260.822"
"WallEndShort10","4","10","RESCUE_COMPLETE","99.356"
"WallEndShort10","5","-10","RESCUE_COMPLETE","70.566"
"WallEndShort10","6","15","RESCUE_COMPLETE","563.622"
"WallEndShort10","7","-15","RESCUE_COMPLETE","90.859"
"WallEndShort10","8","20","RESCUE_COMPLETE","87.463"
"WallEndShort10","9","-20","RESCUE_COMPLETE","421.724"
"WallEndShort10","10","0","RESCUE_COMPLETE","180.530"
